-- Seed data for FoodXpress

-- 1. Insert Categories
INSERT INTO categories (id, name, icon, image_url, created_at) VALUES
  ('febd6973-e2a5-4c82-ad8a-40f5c5df84c0', 'Pizza', 'pizza', 'https://images.pexels.com/photos/845811/pexels-photo-845811.jpeg', '2026-07-14T01:56:40.704449+00:00'),
  ('2bfe3baf-d91c-4878-8eed-f0c9a5bf7624', 'Biryani', 'utensils', 'https://images.pexels.com/photos/12737656/pexels-photo-12737656.jpeg', '2026-07-14T01:56:40.704449+00:00'),
  ('ef213710-2e11-43d9-8474-b3bfa5b39d18', 'Burgers', 'beef', 'https://images.pexels.com/photos/1639557/pexels-photo-1639557.jpeg', '2026-07-14T01:56:40.704449+00:00'),
  ('1fcebe5f-3ea1-4169-ac0c-374d0d6c6306', 'North Indian', 'utensils', 'https://images.pexels.com/photos/2474661/pexels-photo-2474661.jpeg', '2026-07-14T01:56:40.704449+00:00'),
  ('b9e5d4b7-255b-427a-9f69-7a02cc7f75f2', 'Chinese', 'utensils', 'https://images.pexels.com/photos/1583884/pexels-photo-1583884.jpeg', '2026-07-14T01:56:40.704449+00:00'),
  ('4d997502-6bca-4c25-8f58-8430362d6689', 'South Indian', 'utensils', 'https://images.pexels.com/photos/356079/pexels-photo-356079.jpeg', '2026-07-14T01:56:40.704449+00:00'),
  ('02938d63-191d-4829-8c6d-de1d39043bd2', 'Desserts', 'cake', 'https://images.pexels.com/photos/1126359/pexels-photo-1126359.jpeg', '2026-07-14T01:56:40.704449+00:00'),
  ('b45dc007-b1d5-4c8c-9819-67943002bf1e', 'Rolls', 'utensils', 'https://images.pexels.com/photos/461198/pexels-photo-461198.jpeg', '2026-07-14T01:56:40.704449+00:00'),
  ('c4a26f6f-d7c9-48ca-9a21-320e47a1020e', 'Beverages', 'coffee', 'https://images.pexels.com/photos/312418/pexels-photo-312418.jpeg', '2026-07-14T01:56:40.704449+00:00'),
  ('5578fa38-80d0-4056-a7d1-726f0d888186', 'Healthy', 'leaf', 'https://images.pexels.com/photos/1640774/pexels-photo-1640774.jpeg', '2026-07-14T01:56:40.704449+00:00')
ON CONFLICT (id) DO NOTHING;

-- 2. Insert Restaurants
INSERT INTO restaurants (id, name, cuisine, rating, delivery_time_min, price_for_two, image_url, cover_url, location, promoted, discount, created_at) VALUES
  ('a0000001-0000-0000-0000-000000000001', 'Domino''s Pizza', 'Pizza, Italian', 4.2, 30, 400, 'https://images.pexels.com/photos/708587/pexels-photo-708587.jpeg', 'https://images.pexels.com/photos/315755/pexels-photo-315755.jpeg', 'Hyderabad', true, '50% OFF up to ₹100', '2026-07-14T01:56:52.051591+00:00'),
  ('a0000002-0000-0000-0000-000000000002', 'Behrouz Biryani', 'Biryani, Mughlai', 4.3, 40, 500, 'https://images.pexels.com/photos/12737656/pexels-photo-12737656.jpeg', 'https://images.pexels.com/photos/5409010/pexels-photo-5409010.jpeg', 'Hyderabad', true, 'Free delivery', '2026-07-14T01:56:52.051591+00:00'),
  ('a0000003-0000-0000-0000-000000000003', 'Burger King', 'Burgers, American', 4.1, 25, 350, 'https://images.pexels.com/photos/1639557/pexels-photo-1639557.jpeg', 'https://images.pexels.com/photos/1633578/pexels-photo-1633578.jpeg', 'Hyderabad', false, '20% OFF', '2026-07-14T01:56:52.051591+00:00'),
  ('a0000004-0000-0000-0000-000000000004', 'Punjabi Tadka', 'North Indian', 4.4, 35, 450, 'https://images.pexels.com/photos/2474661/pexels-photo-2474661.jpeg', 'https://images.pexels.com/photos/958545/pexels-photo-958545.jpeg', 'Hyderabad', true, '₹125 OFF above ₹249', '2026-07-14T01:56:52.051591+00:00'),
  ('a0000005-0000-0000-0000-000000000005', 'Wang''s Kitchen', 'Chinese, Asian', 4, 35, 400, 'https://images.pexels.com/photos/1583884/pexels-photo-1583884.jpeg', 'https://images.pexels.com/photos/2347311/pexels-photo-2347311.jpeg', 'Hyderabad', false, 'Buy 1 Get 1 Free', '2026-07-14T01:56:52.051591+00:00'),
  ('a0000006-0000-0000-0000-000000000006', 'Udupi Krishna', 'South Indian', 4.5, 30, 300, 'https://images.pexels.com/photos/356079/pexels-photo-356079.jpeg', 'https://images.pexels.com/photos/6867438/pexels-photo-6867438.jpeg', 'Hyderabad', false, 'Free delivery', '2026-07-14T01:56:52.051591+00:00'),
  ('a0000007-0000-0000-0000-000000000007', 'Sweet Tooth', 'Desserts, Bakery', 4.6, 40, 350, 'https://images.pexels.com/photos/1126359/pexels-photo-1126359.jpeg', 'https://images.pexels.com/photos/1854652/pexels-photo-1854652.jpeg', 'Hyderabad', true, '30% OFF on cakes', '2026-07-14T01:56:52.051591+00:00'),
  ('a0000008-0000-0000-0000-000000000008', 'Kathi Junction', 'Rolls, Fast Food', 4.2, 25, 250, 'https://images.pexels.com/photos/461198/pexels-photo-461198.jpeg', 'https://images.pexels.com/photos/3219547/pexels-photo-3219547.jpeg', 'Hyderabad', false, '15% OFF', '2026-07-14T01:56:52.051591+00:00')
ON CONFLICT (id) DO NOTHING;

-- 3. Insert Menu Categories
INSERT INTO menu_categories (id, restaurant_id, name, sort_order, created_at) VALUES
  ('b0000001-0000-0000-0000-000000000001', 'a0000001-0000-0000-0000-000000000001', 'Recommended', 1, '2026-07-14T01:57:05.166129+00:00'),
  ('b0000002-0000-0000-0000-000000000002', 'a0000001-0000-0000-0000-000000000001', 'Veg Pizza', 2, '2026-07-14T01:57:05.166129+00:00'),
  ('b0000003-0000-0000-0000-000000000003', 'a0000001-0000-0000-0000-000000000001', 'Non-Veg Pizza', 3, '2026-07-14T01:57:05.166129+00:00'),
  ('b0000004-0000-0000-0000-000000000004', 'a0000001-0000-0000-0000-000000000001', 'Sides & Beverages', 4, '2026-07-14T01:57:05.166129+00:00'),
  ('b0000010-0000-0000-0000-000000000010', 'a0000002-0000-0000-0000-000000000002', 'Recommended', 1, '2026-07-14T01:57:05.166129+00:00'),
  ('b0000011-0000-0000-0000-000000000011', 'a0000002-0000-0000-0000-000000000002', 'Veg Biryani', 2, '2026-07-14T01:57:05.166129+00:00'),
  ('b0000012-0000-0000-0000-000000000012', 'a0000002-0000-0000-0000-000000000002', 'Non-Veg Biryani', 3, '2026-07-14T01:57:05.166129+00:00'),
  ('b0000013-0000-0000-0000-000000000013', 'a0000002-0000-0000-0000-000000000002', 'Kebabs & Sides', 4, '2026-07-14T01:57:05.166129+00:00'),
  ('b0000020-0000-0000-0000-000000000020', 'a0000003-0000-0000-0000-000000000003', 'Recommended', 1, '2026-07-14T01:57:05.166129+00:00'),
  ('b0000021-0000-0000-0000-000000000021', 'a0000003-0000-0000-0000-000000000003', 'Veg Burgers', 2, '2026-07-14T01:57:05.166129+00:00'),
  ('b0000022-0000-0000-0000-000000000022', 'a0000003-0000-0000-0000-000000000003', 'Non-Veg Burgers', 3, '2026-07-14T01:57:05.166129+00:00'),
  ('b0000023-0000-0000-0000-000000000023', 'a0000003-0000-0000-0000-000000000003', 'Sides & Beverages', 4, '2026-07-14T01:57:05.166129+00:00'),
  ('b0000030-0000-0000-0000-000000000030', 'a0000004-0000-0000-0000-000000000004', 'Recommended', 1, '2026-07-14T01:57:05.166129+00:00'),
  ('b0000031-0000-0000-0000-000000000031', 'a0000004-0000-0000-0000-000000000004', 'Main Course', 2, '2026-07-14T01:57:05.166129+00:00'),
  ('b0000032-0000-0000-0000-000000000032', 'a0000004-0000-0000-0000-000000000004', 'Breads', 3, '2026-07-14T01:57:05.166129+00:00'),
  ('b0000033-0000-0000-0000-000000000033', 'a0000004-0000-0000-0000-000000000004', 'Desserts', 4, '2026-07-14T01:57:05.166129+00:00'),
  ('b0000040-0000-0000-0000-000000000040', 'a0000005-0000-0000-0000-000000000005', 'Recommended', 1, '2026-07-14T01:57:05.166129+00:00'),
  ('b0000041-0000-0000-0000-000000000041', 'a0000005-0000-0000-0000-000000000005', 'Noodles & Rice', 2, '2026-07-14T01:57:05.166129+00:00'),
  ('b0000042-0000-0000-0000-000000000042', 'a0000005-0000-0000-0000-000000000005', 'Starters', 3, '2026-07-14T01:57:05.166129+00:00'),
  ('b0000050-0000-0000-0000-000000000050', 'a0000006-0000-0000-0000-000000000006', 'Recommended', 1, '2026-07-14T01:57:05.166129+00:00'),
  ('b0000051-0000-0000-0000-000000000051', 'a0000006-0000-0000-0000-000000000006', 'Dosa & Idli', 2, '2026-07-14T01:57:05.166129+00:00'),
  ('b0000052-0000-0000-0000-000000000052', 'a0000006-0000-0000-0000-000000000006', 'Meals & Beverages', 3, '2026-07-14T01:57:05.166129+00:00'),
  ('b0000060-0000-0000-0000-000000000060', 'a0000007-0000-0000-0000-000000000007', 'Recommended', 1, '2026-07-14T01:57:05.166129+00:00'),
  ('b0000061-0000-0000-0000-000000000061', 'a0000007-0000-0000-0000-000000000007', 'Cakes', 2, '2026-07-14T01:57:05.166129+00:00'),
  ('b0000062-0000-0000-0000-000000000062', 'a0000007-0000-0000-0000-000000000007', 'Ice Cream & Sundaes', 3, '2026-07-14T01:57:05.166129+00:00'),
  ('b0000070-0000-0000-0000-000000000070', 'a0000008-0000-0000-0000-000000000008', 'Recommended', 1, '2026-07-14T01:57:05.166129+00:00'),
  ('b0000071-0000-0000-0000-000000000071', 'a0000008-0000-0000-0000-000000000008', 'Veg Rolls', 2, '2026-07-14T01:57:05.166129+00:00'),
  ('b0000072-0000-0000-0000-000000000072', 'a0000008-0000-0000-0000-000000000008', 'Non-Veg Rolls', 3, '2026-07-14T01:57:05.166129+00:00')
ON CONFLICT (id) DO NOTHING;

-- 4. Insert Menu Items
INSERT INTO menu_items (id, restaurant_id, menu_category_id, name, description, price, image_url, is_veg, rating, bestseller, created_at) VALUES
  ('0701cf9d-a0b6-47a4-867c-8942243bcf48', 'a0000001-0000-0000-0000-000000000001', 'b0000002-0000-0000-0000-000000000002', 'Margherita Pizza', 'Classic delight with 100% real mozzarella cheese', 199, 'https://images.pexels.com/photos/708587/pexels-photo-708587.jpeg', true, 4.3, true, '2026-07-14T01:57:44.079763+00:00'),
  ('5bc9d81d-9d4c-4ebe-87a5-5e23ecec5b55', 'a0000001-0000-0000-0000-000000000001', 'b0000002-0000-0000-0000-000000000002', 'Farmhouse Pizza', 'Delightful combination of onion, capsicum, tomato & mushroom', 379, 'https://images.pexels.com/photos/315755/pexels-photo-315755.jpeg', true, 4.4, true, '2026-07-14T01:57:44.079763+00:00'),
  ('99b2ffb7-63f5-4739-ace8-55186ac9fdcf', 'a0000001-0000-0000-0000-000000000001', 'b0000002-0000-0000-0000-000000000002', 'Peppy Paneer Pizza', 'Loaded with extra paneer, crisp capsicum & red paprika', 399, 'https://images.pexels.com/photos/845811/pexels-photo-845811.jpeg', true, 4.2, false, '2026-07-14T01:57:44.079763+00:00'),
  ('d280fe9b-8be1-4cf2-b591-a4ac18ecb7cd', 'a0000001-0000-0000-0000-000000000001', 'b0000002-0000-0000-0000-000000000002', 'Veg Extravaganza Pizza', 'Double cheese burst with corn, capsicum, onion & mushroom', 449, 'https://images.pexels.com/photos/1146760/pexels-photo-1146760.jpeg', true, 4.5, true, '2026-07-14T01:57:44.079763+00:00'),
  ('b1904e66-3f45-4c79-beff-2c50d019b4cc', 'a0000001-0000-0000-0000-000000000001', 'b0000003-0000-0000-0000-000000000003', 'Chicken Sausage Pizza', 'Loaded with chicken sausage & mozzarella cheese', 449, 'https://images.pexels.com/photos/803290/pexels-photo-803290.jpeg', false, 4.3, false, '2026-07-14T01:57:44.079763+00:00'),
  ('81fd0e56-53fd-4bc4-a98b-5102d124d48c', 'a0000001-0000-0000-0000-000000000001', 'b0000003-0000-0000-0000-000000000003', 'Pepperoni Pizza', 'Classic pepperoni with extra cheese', 499, 'https://images.pexels.com/photos/803290/pexels-photo-803290.jpeg', false, 4.6, true, '2026-07-14T01:57:44.079763+00:00'),
  ('f5a35cd7-ebca-4196-8675-cde51186dd6d', 'a0000001-0000-0000-0000-000000000001', 'b0000004-0000-0000-0000-000000000004', 'Garlic Breadsticks', 'Freshly baked breadsticks with garlic butter', 99, 'https://images.pexels.com/photos/315755/pexels-photo-315755.jpeg', true, 4.1, false, '2026-07-14T01:57:44.079763+00:00'),
  ('793fcc1e-2c73-462e-b48a-d0020d1d4471', 'a0000001-0000-0000-0000-000000000001', 'b0000004-0000-0000-0000-000000000004', 'Choco Lava Cake', 'Warm chocolate cake with molten center', 89, 'https://images.pexels.com/photos/1126359/pexels-photo-1126359.jpeg', true, 4.7, true, '2026-07-14T01:57:44.079763+00:00'),
  ('1597d138-9fee-4886-824a-cc8be7c4dc63', 'a0000001-0000-0000-0000-000000000001', 'b0000004-0000-0000-0000-000000000004', 'Pepsi (475ml)', 'Chilled Pepsi', 60, 'https://images.pexels.com/photos/312418/pexels-photo-312418.jpeg', true, 4, false, '2026-07-14T01:57:44.079763+00:00'),
  ('107586df-11de-4617-bbee-c74119da39c3', 'a0000002-0000-0000-0000-000000000002', 'b0000011-0000-0000-0000-000000000011', 'Veg Dum Biryani', 'Fragrant basmati rice with vegetables & aromatic spices', 299, 'https://images.pexels.com/photos/12737656/pexels-photo-12737656.jpeg', true, 4.4, true, '2026-07-14T01:57:44.079763+00:00'),
  ('dc9ddfe3-50c1-4cf7-b7f4-5a8e0f0bca74', 'a0000002-0000-0000-0000-000000000002', 'b0000011-0000-0000-0000-000000000011', 'Paneer Tikka Biryani', 'Basmati rice with marinated paneer & rich masala', 349, 'https://images.pexels.com/photos/5409010/pexels-photo-5409010.jpeg', true, 4.5, true, '2026-07-14T01:57:44.079763+00:00'),
  ('476468d2-29c2-40ed-815c-0bdd1afaa107', 'a0000002-0000-0000-0000-000000000002', 'b0000012-0000-0000-0000-000000000012', 'Chicken Dum Biryani', 'Hyderabadi-style chicken biryani with saffron rice', 399, 'https://images.pexels.com/photos/5409010/pexels-photo-5409010.jpeg', false, 4.6, true, '2026-07-14T01:57:44.079763+00:00'),
  ('159c1abf-4697-4b94-894c-0f970f89ebee', 'a0000002-0000-0000-0000-000000000002', 'b0000012-0000-0000-0000-000000000012', 'Mutton Biryani', 'Slow-cooked mutton with fragrant basmati & exotic spices', 499, 'https://images.pexels.com/photos/12737656/pexels-photo-12737656.jpeg', false, 4.7, true, '2026-07-14T01:57:44.079763+00:00'),
  ('6a83b818-afa9-4d17-bfd5-1e8c938bc382', 'a0000002-0000-0000-0000-000000000002', 'b0000013-0000-0000-0000-000000000013', 'Chicken Tikka Kebab', 'Grilled chicken tikka with mint chutney', 249, 'https://images.pexels.com/photos/2338407/pexels-photo-2338407.jpeg', false, 4.4, false, '2026-07-14T01:57:44.079763+00:00'),
  ('1363ee89-6a5d-4e52-b1ce-e9ead428a609', 'a0000002-0000-0000-0000-000000000002', 'b0000013-0000-0000-0000-000000000013', 'Gulab Jamun (2 pcs)', 'Soft dumplings soaked in saffron sugar syrup', 99, 'https://images.pexels.com/photos/1126359/pexels-photo-1126359.jpeg', true, 4.5, false, '2026-07-14T01:57:44.079763+00:00'),
  ('049569c3-5872-454a-a50c-8c209243354a', 'a0000002-0000-0000-0000-000000000002', 'b0000013-0000-0000-0000-000000000013', 'Burani Raita', 'Yogurt with tempered garlic & spices', 69, 'https://images.pexels.com/photos/5409010/pexels-photo-5409010.jpeg', true, 4.2, false, '2026-07-14T01:57:44.079763+00:00'),
  ('4d899c43-0fcf-4777-b24a-2b37773337cf', 'a0000003-0000-0000-0000-000000000003', 'b0000021-0000-0000-0000-000000000021', 'Veg Whopper', 'Flame-grilled veg patty with fresh veggies & cheese', 179, 'https://images.pexels.com/photos/1639557/pexels-photo-1639557.jpeg', true, 4.3, true, '2026-07-14T01:57:44.079763+00:00'),
  ('286625a7-8872-4a24-8869-bdcdfb5932fb', 'a0000003-0000-0000-0000-000000000003', 'b0000021-0000-0000-0000-000000000021', 'Crispy Veg Burger', 'Crispy veg patty with creamy mayo', 129, 'https://images.pexels.com/photos/1633578/pexels-photo-1633578.jpeg', true, 4.1, false, '2026-07-14T01:57:44.079763+00:00'),
  ('353e7f46-5c62-4a07-a92a-c4cca71fd71c', 'a0000003-0000-0000-0000-000000000003', 'b0000021-0000-0000-0000-000000000021', 'Paneer King Burger', 'Grilled paneer patty with mint mayo', 169, 'https://images.pexels.com/photos/1639557/pexels-photo-1639557.jpeg', true, 4.2, true, '2026-07-14T01:57:44.079763+00:00'),
  ('ba4da1f6-bece-41eb-947d-4f35ce4a6579', 'a0000003-0000-0000-0000-000000000003', 'b0000022-0000-0000-0000-000000000022', 'Chicken Whopper', 'Flame-grilled chicken patty with cheese & veggies', 219, 'https://images.pexels.com/photos/1633578/pexels-photo-1633578.jpeg', false, 4.5, true, '2026-07-14T01:57:44.079763+00:00'),
  ('1fc499b7-8da4-483c-8b7d-b2e95c46a0d2', 'a0000003-0000-0000-0000-000000000003', 'b0000022-0000-0000-0000-000000000022', 'Crispy Chicken Burger', 'Juicy crispy chicken fillet with mayo', 159, 'https://images.pexels.com/photos/1639557/pexels-photo-1639557.jpeg', false, 4.3, false, '2026-07-14T01:57:44.079763+00:00'),
  ('0b3ca7dd-39b1-4edc-a7ac-8ba9ebbb4e5c', 'a0000003-0000-0000-0000-000000000003', 'b0000023-0000-0000-0000-000000000023', 'French Fries (M)', 'Crispy golden fries', 99, 'https://images.pexels.com/photos/1583884/pexels-photo-1583884.jpeg', true, 4.4, true, '2026-07-14T01:57:44.079763+00:00'),
  ('4caaf9ee-4912-4013-ad65-b819b821be2d', 'a0000003-0000-0000-0000-000000000003', 'b0000023-0000-0000-0000-000000000023', 'Chicken Nuggets (6 pcs)', 'Crispy chicken nuggets with dip', 149, 'https://images.pexels.com/photos/2338407/pexels-photo-2338407.jpeg', false, 4.2, false, '2026-07-14T01:57:44.079763+00:00'),
  ('787e0c25-b59c-4ec3-b9eb-3b71a10ca76c', 'a0000003-0000-0000-0000-000000000003', 'b0000023-0000-0000-0000-000000000023', 'Coca-Cola (500ml)', 'Chilled Coca-Cola', 65, 'https://images.pexels.com/photos/312418/pexels-photo-312418.jpeg', true, 4, false, '2026-07-14T01:57:44.079763+00:00'),
  ('52acc619-d45f-4d09-8d57-e0706f568b17', 'a0000004-0000-0000-0000-000000000004', 'b0000031-0000-0000-0000-000000000031', 'Paneer Butter Masala', 'Cottage cheese in rich creamy tomato gravy', 269, 'https://images.pexels.com/photos/2474661/pexels-photo-2474661.jpeg', true, 4.6, true, '2026-07-14T01:57:44.079763+00:00'),
  ('c6efaad4-fe06-426f-a995-0a815c22a04c', 'a0000004-0000-0000-0000-000000000004', 'b0000031-0000-0000-0000-000000000031', 'Dal Makhani', 'Black lentils slow-cooked with butter & cream', 199, 'https://images.pexels.com/photos/958545/pexels-photo-958545.jpeg', true, 4.5, true, '2026-07-14T01:57:44.079763+00:00'),
  ('efe355f4-fcf1-490e-8b5a-cb80f6a94c4e', 'a0000004-0000-0000-0000-000000000004', 'b0000031-0000-0000-0000-000000000031', 'Butter Chicken', 'Tandoori chicken in silky tomato-butter gravy', 329, 'https://images.pexels.com/photos/2338407/pexels-photo-2338407.jpeg', false, 4.7, true, '2026-07-14T01:57:44.079763+00:00'),
  ('bd60ec0d-978d-4eb1-9ccf-d87cadffb952', 'a0000004-0000-0000-0000-000000000004', 'b0000031-0000-0000-0000-000000000031', 'Shahi Paneer', 'Paneer in royal cashew gravy', 279, 'https://images.pexels.com/photos/2474661/pexels-photo-2474661.jpeg', true, 4.4, false, '2026-07-14T01:57:44.079763+00:00'),
  ('368acf9c-0bed-4470-aeb2-dcc1dc25ab86', 'a0000004-0000-0000-0000-000000000004', 'b0000032-0000-0000-0000-000000000032', 'Butter Naan', 'Soft tandoor-baked bread with butter', 49, 'https://images.pexels.com/photos/2474661/pexels-photo-2474661.jpeg', true, 4.5, true, '2026-07-14T01:57:44.079763+00:00'),
  ('b4040c10-7b35-4b36-8fe5-426ce5ad88ec', 'a0000004-0000-0000-0000-000000000004', 'b0000032-0000-0000-0000-000000000032', 'Garlic Naan', 'Naan topped with garlic & coriander', 59, 'https://images.pexels.com/photos/958545/pexels-photo-958545.jpeg', true, 4.4, false, '2026-07-14T01:57:44.079763+00:00'),
  ('02aca0d2-2922-438c-93a7-755f052500bd', 'a0000004-0000-0000-0000-000000000004', 'b0000033-0000-0000-0000-000000000033', 'Gulab Jamun', 'Warm gulab jamun soaked in syrup', 79, 'https://images.pexels.com/photos/1126359/pexels-photo-1126359.jpeg', true, 4.6, false, '2026-07-14T01:57:44.079763+00:00'),
  ('51aaa09a-d2d8-4f9c-8c35-f289090e1881', 'a0000005-0000-0000-0000-000000000005', 'b0000041-0000-0000-0000-000000000041', 'Hakka Noodles', 'Stir-fried noodles with veggies & soy', 189, 'https://images.pexels.com/photos/1583884/pexels-photo-1583884.jpeg', true, 4.3, true, '2026-07-14T01:57:44.079763+00:00'),
  ('5ab04ab5-6fba-474b-b8cc-8b0b3d52720a', 'a0000005-0000-0000-0000-000000000005', 'b0000041-0000-0000-0000-000000000041', 'Schezwan Fried Rice', 'Spicy schezwan rice with vegetables', 199, 'https://images.pexels.com/photos/2347311/pexels-photo-2347311.jpeg', true, 4.4, true, '2026-07-14T01:57:44.079763+00:00'),
  ('87dfc32c-0b54-49d8-bf92-503546e0f9c1', 'a0000005-0000-0000-0000-000000000005', 'b0000041-0000-0000-0000-000000000041', 'Chicken Chowmein', 'Wok-tossed noodles with chicken', 229, 'https://images.pexels.com/photos/2347311/pexels-photo-2347311.jpeg', false, 4.5, true, '2026-07-14T01:57:44.079763+00:00'),
  ('0722ec23-2673-48c9-8964-4a5fa0b817bc', 'a0000005-0000-0000-0000-000000000005', 'b0000042-0000-0000-0000-000000000042', 'Veg Manchurian', 'Fried veg balls in spicy manchurian sauce', 179, 'https://images.pexels.com/photos/1583884/pexels-photo-1583884.jpeg', true, 4.2, false, '2026-07-14T01:57:44.079763+00:00'),
  ('af04eeba-1a35-4cd1-8ca7-a79435e9fbce', 'a0000005-0000-0000-0000-000000000005', 'b0000042-0000-0000-0000-000000000042', 'Chilli Chicken', 'Crispy chicken in chilli garlic sauce', 249, 'https://images.pexels.com/photos/2347311/pexels-photo-2347311.jpeg', false, 4.5, true, '2026-07-14T01:57:44.079763+00:00'),
  ('41e95111-ca24-455b-9c10-a98e81129c60', 'a0000005-0000-0000-0000-000000000005', 'b0000042-0000-0000-0000-000000000042', 'Spring Rolls (4 pcs)', 'Crispy rolls stuffed with veggies', 149, 'https://images.pexels.com/photos/1583884/pexels-photo-1583884.jpeg', true, 4.3, false, '2026-07-14T01:57:44.079763+00:00'),
  ('27cd939d-47f9-4159-9940-4b13178d86fb', 'a0000006-0000-0000-0000-000000000006', 'b0000051-0000-0000-0000-000000000051', 'Masala Dosa', 'Crispy rice crepe with potato masala', 129, 'https://images.pexels.com/photos/356079/pexels-photo-356079.jpeg', true, 4.7, true, '2026-07-14T01:57:44.079763+00:00'),
  ('33b34972-eec3-44dc-aeaf-732090dad0cb', 'a0000006-0000-0000-0000-000000000006', 'b0000051-0000-0000-0000-000000000051', 'Idli Sambar (3 pcs)', 'Steamed rice cakes with sambar & chutney', 89, 'https://images.pexels.com/photos/6867438/pexels-photo-6867438.jpeg', true, 4.5, true, '2026-07-14T01:57:44.079763+00:00'),
  ('ef2b16d4-16c6-4737-b2df-8126f2cf5b26', 'a0000006-0000-0000-0000-000000000006', 'b0000051-0000-0000-0000-000000000051', 'Medu Vada (2 pcs)', 'Crispy lentil donuts with sambar', 79, 'https://images.pexels.com/photos/356079/pexels-photo-356079.jpeg', true, 4.4, false, '2026-07-14T01:57:44.079763+00:00'),
  ('4ee4d20a-2c17-4a98-9930-3dbb19db920d', 'a0000006-0000-0000-0000-000000000006', 'b0000051-0000-0000-0000-000000000051', 'Rava Dosa', 'Crispy semolina dosa with onion', 149, 'https://images.pexels.com/photos/6867438/pexels-photo-6867438.jpeg', true, 4.3, false, '2026-07-14T01:57:44.079763+00:00'),
  ('f189369d-881b-47c7-a9de-3c6fbe21d9ca', 'a0000006-0000-0000-0000-000000000006', 'b0000052-0000-0000-0000-000000000052', 'Mini Meals', 'Rice, sambar, rasam, curd, 2 curries & papad', 179, 'https://images.pexels.com/photos/356079/pexels-photo-356079.jpeg', true, 4.6, true, '2026-07-14T01:57:44.079763+00:00'),
  ('df915f4d-6606-465d-857f-16b18e39c1a0', 'a0000006-0000-0000-0000-000000000006', 'b0000052-0000-0000-0000-000000000052', 'Filter Coffee', 'Authentic South Indian filter coffee', 39, 'https://images.pexels.com/photos/312418/pexels-photo-312418.jpeg', true, 4.7, true, '2026-07-14T01:57:44.079763+00:00'),
  ('e08b20e4-0f2d-49c4-b209-80256b02464e', 'a0000007-0000-0000-0000-000000000007', 'b0000061-0000-0000-0000-000000000061', 'Black Forest Cake (500g)', 'Chocolate sponge with cherries & whipped cream', 1, 'https://images.pexels.com/photos/1126359/pexels-photo-1126359.jpeg', true, 4.7, true, '2026-07-14T01:57:44.079763+00:00'),
  ('cf941c12-d521-4af2-a21e-575ea6467079', 'a0000007-0000-0000-0000-000000000007', 'b0000061-0000-0000-0000-000000000061', 'Red Velvet Cake (500g)', 'Moist red velvet with cream cheese frosting', 499, 'https://images.pexels.com/photos/1854652/pexels-photo-1854652.jpeg', true, 4.6, true, '2026-07-14T01:57:44.079763+00:00'),
  ('708fc05f-7b3a-4c41-a06b-611d08a4f49a', 'a0000007-0000-0000-0000-000000000007', 'b0000061-0000-0000-0000-000000000061', 'Chocolate Truffle Pastry', 'Rich chocolate ganache pastry', 99, 'https://images.pexels.com/photos/1126359/pexels-photo-1126359.jpeg', true, 4.5, false, '2026-07-14T01:57:44.079763+00:00'),
  ('1aa8ee14-825a-4df5-bf8b-20cf70aee028', 'a0000007-0000-0000-0000-000000000007', 'b0000062-0000-0000-0000-000000000062', 'Hot Chocolate Fudge Sundae', 'Vanilla ice cream with hot fudge & nuts', 149, 'https://images.pexels.com/photos/1854652/pexels-photo-1854652.jpeg', true, 4.8, true, '2026-07-14T01:57:44.079763+00:00'),
  ('ac638dfb-9f06-4a15-9aba-f70c55673700', 'a0000007-0000-0000-0000-000000000007', 'b0000062-0000-0000-0000-000000000062', 'Brownie with Ice Cream', 'Warm brownie topped with vanilla ice cream', 129, 'https://images.pexels.com/photos/1126359/pexels-photo-1126359.jpeg', true, 4.6, false, '2026-07-14T01:57:44.079763+00:00'),
  ('cc9203d7-2adc-483b-8f57-5f653dbf60b6', 'a0000007-0000-0000-0000-000000000007', 'b0000062-0000-0000-0000-000000000062', 'Choco Lava Cake', 'Molten chocolate lava cake', 119, 'https://images.pexels.com/photos/1854652/pexels-photo-1854652.jpeg', true, 4.7, true, '2026-07-14T01:57:44.079763+00:00'),
  ('b941f4f5-5469-45c4-94cb-fa23f780cd61', 'a0000008-0000-0000-0000-000000000008', 'b0000071-0000-0000-0000-000000000071', 'Paneer Tikka Roll', 'Grilled paneer with mint chutney in a soft roll', 129, 'https://images.pexels.com/photos/461198/pexels-photo-461198.jpeg', true, 4.4, true, '2026-07-14T01:57:44.079763+00:00'),
  ('00aab836-9b55-41a9-b6b6-dae2190d3bae', 'a0000008-0000-0000-0000-000000000008', 'b0000071-0000-0000-0000-000000000071', 'Veg Aloo Roll', 'Spiced potato with onions & chutney', 99, 'https://images.pexels.com/photos/3219547/pexels-photo-3219547.jpeg', true, 4.2, false, '2026-07-14T01:57:44.079763+00:00'),
  ('14b9b352-2653-47c5-8d2e-f347083406bf', 'a0000008-0000-0000-0000-000000000008', 'b0000071-0000-0000-0000-000000000071', 'Soya Chaap Roll', 'Marinated soya chaap with smoky flavor', 119, 'https://images.pexels.com/photos/461198/pexels-photo-461198.jpeg', true, 4.3, false, '2026-07-14T01:57:44.079763+00:00'),
  ('f238d8e9-a111-4fbd-877e-64fc3ad7e5ab', 'a0000008-0000-0000-0000-000000000008', 'b0000072-0000-0000-0000-000000000072', 'Chicken Tikka Roll', 'Smoky chicken tikka with mint mayo', 159, 'https://images.pexels.com/photos/3219547/pexels-photo-3219547.jpeg', false, 4.6, true, '2026-07-14T01:57:44.079763+00:00'),
  ('9718d134-9c05-43b3-a6fd-260e7ee48798', 'a0000008-0000-0000-0000-000000000008', 'b0000072-0000-0000-0000-000000000072', 'Egg Roll', 'Double egg with onions & spices', 109, 'https://images.pexels.com/photos/461198/pexels-photo-461198.jpeg', false, 4.3, false, '2026-07-14T01:57:44.079763+00:00'),
  ('f9d1ae1d-1259-45e6-bae3-fa2b57a8c363', 'a0000008-0000-0000-0000-000000000008', 'b0000072-0000-0000-0000-000000000072', 'Mutton Seekh Roll', 'Juicy mutton seekh with mint chutney', 189, 'https://images.pexels.com/photos/3219547/pexels-photo-3219547.jpeg', false, 4.7, true, '2026-07-14T01:57:44.079763+00:00')
ON CONFLICT (id) DO NOTHING;

